district,stunting_pct,wasting_pct,severe_wasting_pct,underweight_pct,anaemia_children_pct,anaemia_women_pct,women_bmi_below_normal_pct,households_surveyed,ctrl_women_literacy,ctrl_improved_sanitation,ctrl_clean_cooking_fuel,ctrl_improved_drinking_water,ctrl_health_insurance,ctrl_institutional_births,ctrl_adequate_diet,ctrl_exclusive_breastfeeding,p_vol_logret_cereals,p_vol_logret_other,p_vol_logret_pulses,p_vol_logret_overall,p_cv_overall,p_range_ratio_overall,p_spike_share_overall,p_n_commodities_used,p_vol_logret_veg,p_low_coverage,e_vol_logret_cereals,e_vol_logret_other,e_vol_logret_pulses,e_vol_logret_overall,e_cv_overall,e_range_ratio_overall,e_spike_share_overall,e_n_commodities_used,e_vol_logret_veg,e_low_coverage
Thiruvallur,18.1,17.0,3.6,20.6,58.4,56.8,10.5,806,85.9,75.6,93.4,100.0,57.4,100.0,26.3,,,,,,,,,0,,1,,,,,,,,0,,1
Chennai,20.4,18.3,7.6,21.9,55.3,50.3,7.4,743,96.1,90.4,97.7,98.7,58.2,100.0,15.1,,,,,,,,,0,,1,,,,,,,,0,,1
Kancheepuram,20.6,15.7,6.9,19.8,68.8,57.0,12.6,816,84.5,75.9,88.1,99.4,59.7,100.0,21.7,,0.0545610790058706,,,0.0545610790058706,0.06014056012014,0.1755801444598125,0.0,1,,1,0.0760336491587617,,,0.0760336491587617,0.1097435866505632,0.3186900958466453,0.0333333333333333,1,,1
Vellore,29.8,13.1,2.5,19.7,60.9,50.6,11.4,880,84.7,76.2,85.3,97.7,71.4,99.5,9.9,,0.1442834714302584,0.077271738474132,0.2652248660876444,0.1812600278072623,0.160656559951531,0.4783496443912518,0.1834886128364389,8,,0,0.1579374316868012,0.0657727590056463,0.2651126116452416,0.186607540086072,0.2040958249111294,0.6181742878376968,0.1602818293158158,8,,0
Tiruvannamalai,30.6,14.8,4.0,25.0,64.7,56.6,12.6,874,81.7,61.7,70.7,98.5,69.6,99.1,3.6,,0.0689779372184112,0.0720565085826313,,0.0705172229005213,0.1176705804436675,0.3536141531979487,0.0,2,,1,0.060349635122198,0.0674495039738702,0.1912321084268641,0.1275658389874491,0.197418264814266,0.5576256368964077,0.0686764705882353,4,,0
Viluppuram,23.9,12.4,3.4,20.5,73.4,62.5,17.2,859,77.8,53.8,68.6,98.4,77.6,99.1,19.8,,0.0634034677053276,0.1355005384588012,0.2074173829938669,0.1354329536268982,0.1711717624420647,0.5105667647483881,0.1255952380952381,8,,0,0.0608625885925338,0.1207279112084007,0.2052080570463093,0.1299584699166663,0.210277249683319,0.65035709125747,0.1156899222596035,8,,0
Salem,23.6,10.1,4.3,20.8,51.3,46.3,10.1,882,83.2,64.5,84.5,97.6,67.5,100.0,6.7,,0.1039914719343191,0.1067419292381092,,0.1053667005862141,0.1510885423028444,0.3633241500937662,0.0519666199813258,6,,0,0.1003830446147769,0.0851354434548959,,0.0927592440348364,0.1555048521181079,0.4385673661075635,0.0325781571228582,6,,0
Namakkal,25.2,10.3,4.3,15.7,67.9,51.9,9.4,888,88.9,75.2,89.7,99.5,68.8,100.0,12.9,,0.1097956019716716,0.1143043178147418,,0.1120499598932067,0.2191277815220704,0.5565326236169863,0.064258658008658,4,,0,0.0889263824926655,0.1856156499936626,,0.137271016243164,0.2428773607368612,0.6125743484065459,0.0542008189373892,4,,0
Erode,19.4,20.9,11.2,26.9,46.5,55.4,11.4,877,83.1,67.6,95.9,98.9,77.7,100.0,19.1,,0.0760010909656863,0.0949411185436662,,0.0873651075124742,0.154302372018589,0.4621254709504273,0.0,5,,0,0.1514129155076378,0.1270127743817186,,0.1392128449446782,0.2185644044038042,0.6508416064515992,0.1023148148148148,8,,0
The Nilgiris,26.7,17.3,7.7,23.2,45.9,44.2,10.8,904,90.6,83.6,81.5,96.4,74.5,100.0,18.8,,,,,,,,,0,,1,,,,,,,,0,,1
Dindigul,27.1,21.1,8.2,28.4,50.2,42.6,12.9,924,81.0,61.0,76.3,99.5,71.9,97.0,20.7,36.4,0.1099669473890435,0.0665748769525809,,0.0810389004314017,0.1169681142558893,0.2191633266533066,0.0523809523809523,3,,0,0.1402898405363447,0.1156222305542776,,0.1279560355453111,0.1618837482321628,0.4822524558198759,0.0889440176412007,4,,0
Karur,33.6,18.4,8.7,36.3,73.2,65.0,17.9,862,80.5,63.6,72.5,99.4,74.6,100.0,13.3,,,,,,,,,0,,1,,,,,,,,0,,1
Tiruchirappalli,27.6,20.9,8.6,27.4,82.3,62.4,16.7,851,84.8,67.1,71.2,98.1,67.8,98.6,12.4,,,,,,,,,0,,1,,,,,,,,0,,1
Perambalur,29.1,15.9,4.2,22.3,69.2,66.1,18.0,860,83.0,57.4,75.1,100.0,75.5,100.0,12.6,,,,,,,,,0,,1,,,,,,,,0,,1
Ariyalur,25.3,15.1,4.4,20.1,62.0,62.4,15.6,864,77.4,54.6,46.7,93.2,71.1,100.0,11.7,,0.1009395301422687,0.0585127267753513,0.6385136941575689,0.214119669462635,0.207892418709441,0.6240599956987025,0.1325757575757575,4,,0,0.0887977889652881,0.1078059053588131,0.4184141199153939,0.1807059298995771,0.2596745301328529,0.7686603562961452,0.1156215871860211,4,,0
Cuddalore,20.2,13.9,4.0,18.0,64.8,58.6,14.8,876,80.5,61.3,75.6,99.5,64.4,99.2,23.2,,0.0962503734832026,0.0835859766820992,0.1240897551615345,0.103419434575796,0.121895637240364,0.3819360305610388,0.0558608058608058,6,,0,0.1979890426236191,0.0769124797513058,0.2038307400277359,0.1850451087911237,0.2947523100471979,0.9915554911313522,0.1200276659959758,8,,0
Nagapattinam,32.3,12.5,4.7,24.3,60.9,62.6,19.4,862,89.3,69.6,59.0,100.0,70.9,99.7,14.4,,0.0211190798474973,,,0.0211190798474973,0.1089505309713677,0.2303664921465968,0.0,1,,1,0.0207022929572596,,,0.0207022929572596,0.1210196106567387,0.3125,0.0,1,,1
Thiruvarur,19.8,18.4,6.8,21.5,45.0,58.2,15.4,864,91.2,71.0,58.9,100.0,75.2,100.0,18.7,,0.0984346730407672,,,0.0984346730407672,0.1595528025425116,0.3421052631578947,0.0909090909090909,1,,1,0.0971903009850231,,,0.0971903009850231,0.1671025202500131,0.5,0.0789473684210526,1,,1
Thanjavur,19.6,8.3,3.7,21.9,64.8,59.0,12.7,826,86.4,79.6,69.4,99.7,70.6,100.0,18.2,,0.0302081294632996,,,0.0302081294632996,0.0421601510806938,0.1184210526315789,0.0,1,,1,0.0705752188873461,,0.5522905280801701,0.3114328734837581,0.3088544645900345,0.7122690369540869,0.3237259816207184,2,,1
Pudukkottai,32.2,9.5,1.6,21.6,71.1,62.5,20.3,895,83.7,55.2,42.0,95.7,72.9,100.0,22.3,,,,,,,,,0,,1,,,,,,,,0,,1
Sivaganga,27.6,22.8,11.6,28.4,56.4,51.5,12.7,922,88.0,74.4,75.2,96.5,67.7,100.0,16.0,,0.0743180538281081,0.0586248975246685,,0.0664714756763883,0.4429508344729346,0.9158974358974332,0.0,2,,1,0.062110550348181,0.0633155784022785,,0.0627130643752297,0.3626366620665047,0.2806589383770592,0.0,2,,1
Madurai,32.4,9.5,3.9,21.5,54.3,48.0,12.2,914,87.3,80.1,91.2,98.7,66.3,100.0,25.0,,0.1122986929992258,0.0640523381349079,,0.0962165747111198,0.1359208224943035,0.4152063658420084,0.0742831541218638,3,,0,0.0828593815705671,0.1117826210770709,,0.0925004614060683,0.2002019846082625,0.5667303696142264,0.0480454868514569,3,,0
Theni,20.2,15.5,6.6,18.8,46.8,41.2,10.3,920,86.9,74.4,89.9,99.9,67.4,100.0,17.3,53.9,0.0867232227502426,0.1931195131678476,,0.1080024808337636,0.2210652186400962,0.7348188857643015,0.0399999999999999,5,,0,0.0732179154807432,0.1365209105032448,,0.0858785144852435,0.2152635011063347,0.6111842134913649,0.0225352112676056,5,,0
Virudhunagar,29.2,14.4,7.6,23.7,58.9,56.9,14.1,914,85.3,59.8,90.5,97.4,51.3,97.8,18.5,,0.0536020795112228,,,0.0536020795112228,0.0841653919775313,0.2198168498168498,0.0,2,,1,0.0478143766718167,,,0.0478143766718167,0.1198933573861936,0.3582744017551916,0.0,2,,1
Ramanathapuram,26.4,17.7,6.0,21.6,57.2,53.6,15.7,899,86.1,78.6,82.7,93.9,69.7,99.6,19.9,,0.0636638512344547,,,0.0636638512344547,0.1032568910014613,0.2887139107611549,0.0,1,,1,0.0571188146655806,,,0.0571188146655806,0.1328472750956641,0.4314285714285714,0.0,1,,1
Thoothukkudi,20.3,18.4,7.7,21.0,55.6,55.9,11.9,848,90.3,79.4,90.7,97.0,57.8,100.0,19.9,,,,,,,,,0,,1,,,,,,,,0,,1
Tirunelveli,29.4,12.0,3.1,22.7,49.9,51.0,13.5,873,87.3,79.8,87.9,98.1,61.3,100.0,8.7,,,,,,,,,0,,1,,,,,,,,0,,1
Kanniyakumari,17.3,11.4,2.7,14.5,39.1,45.6,5.9,839,98.0,96.2,74.4,98.2,64.1,100.0,22.1,,0.0701730497680526,0.109178027722623,,0.0896755387453378,0.123601972716474,0.3509283819628647,0.0263157894736842,2,,1,0.0836495559938207,0.0908001965531326,,0.0872248762734767,0.1415469864849751,0.4692349137931034,0.0142857142857142,2,,1
Dharmapuri,28.7,16.9,6.5,23.2,54.2,42.5,12.9,911,80.6,72.4,82.5,98.7,75.5,99.6,8.1,,,,,,,,,0,,1,,,,,,,,0,,1
Krishnagiri,29.0,10.4,4.7,19.3,46.5,44.0,11.7,922,79.9,75.9,86.0,99.8,73.6,99.6,7.1,,,,,,,,,0,,1,,,,,,,,0,,1
Coimbatore,23.0,7.0,2.7,18.5,37.8,48.9,10.1,877,90.6,78.5,95.5,99.9,61.0,100.0,11.6,,0.0821320815561645,0.0510381322987503,,0.0696945018531988,0.1149455502386019,0.3588226629290038,0.0363636363636363,5,,0,0.0819111656070017,0.0491260085607357,,0.070982779924913,0.1645505333405257,0.5046231379061028,0.0251831501831501,6,,0
Tiruppur,21.5,15.3,10.3,23.1,44.8,55.2,9.9,877,87.5,75.9,95.4,99.8,59.9,100.0,16.7,,,,,,,,,0,,1,,,,,,,,0,,1
